이름,나이,거주지
고동기,31,서울
최동기,30,부산
박동기,29,인천
광동기,28,광주
연동기,27,연무대
고동기,31,서울
최동기,30,부산
박동기,29,인천
광동기,28,광주
연동기,27,연무대
고동기,31,서울
최동기,30,부산
박동기,29,인천
광동기,28,광주
연동기,27,연무대
고동기,31,서울
최동기,30,부산
박동기,29,인천
광동기,28,광주
연동기,27,연무대
고동기,31,서울
최동기,30,부산
박동기,29,인천
광동기,28,광주
연동기,27,연무대
고동기,31,서울
최동기,30,부산
박동기,29,인천
광동기,28,광주
연동기,27,연무대
고동기,31,서울
최동기,30,부산
박동기,29,인천
광동기,28,광주
연동기,27,연무대
고동기,31,서울
최동기,30,부산
박동기,29,인천
광동기,28,광주
연동기,27,연무대
고동기,31,서울
최동기,30,부산
박동기,29,인천
광동기,28,광주
연동기,27,연무대
고동기,31,서울
최동기,30,부산
박동기,29,인천
광동기,28,광주
연동기,27,연무대
고동기,31,서울
최동기,30,부산
박동기,29,인천
광동기,28,광주
연동기,27,연무대
고동기,31,서울
최동기,30,부산
박동기,29,인천
광동기,28,광주
연동기,27,연무대
고동기,31,서울
최동기,30,부산
박동기,29,인천
광동기,28,광주
연동기,27,연무대
고동기,31,서울
최동기,30,부산
박동기,29,인천
광동기,28,광주
연동기,27,연무대
고동기,31,서울
최동기,30,부산
박동기,29,인천
광동기,28,광주
연동기,27,연무대
고동기,31,서울
최동기,30,부산
박동기,29,인천
광동기,28,광주
연동기,27,연무대
고동기,31,서울
최동기,30,부산
박동기,29,인천
광동기,28,광주
연동기,27,연무대
고동기,31,서울
최동기,30,부산
박동기,29,인천
광동기,28,광주
연동기,27,연무대
고동기,31,서울
최동기,30,부산
박동기,29,인천
광동기,28,광주
연동기,27,연무대
고동기,31,서울
최동기,30,부산
박동기,29,인천
광동기,28,광주
연동기,27,연무대
,22,서울
,21,광주
,20,인천